{"stats":{"minecraft:picked_up":{"minecraft:wooden_axe":1,"minecraft:netherite_boots":1,"minecraft:cooked_beef":133,"minecraft:leather":30,"minecraft:wooden_pickaxe":1,"minecraft:enchanted_book":1,"minecraft:oak_log":59,"minecraft:shield":1,"minecraft:netherite_leggings":1,"minecraft:dirt":11,"minecraft:string":5,"minecraft:elytra":1,"minecraft:iron_axe":1,"minecraft:name_tag":6,"minecraft:item_frame":1,"minecraft:bow":1,"minecraft:wheat_seeds":1,"minecraft:raw_gold":8,"minecraft:netherite_sword":1,"minecraft:stone_pickaxe":1,"minecraft:oak_planks":3,"minecraft:sculk_catalyst":1,"minecraft:stick":4,"minecraft:raw_iron":18,"minecraft:sandstone":1,"minecraft:spyglass":1,"minecraft:trident":1,"create:large_cogwheel":3,"minecraft:firework_rocket":64,"minecraft:arrow":64,"minecraft:rotten_flesh":1,"minecraft:diamond":5,"minecraft:netherite_helmet":1,"create:experience_nugget":1,"minecraft:golden_apple":64,"minecraft:totem_of_undying":2,"minecraft:netherite_chestplate":1,"minecraft:coal":15,"minecraft:cobblestone":27},"minecraft:killed_by":{"minecraft:zombie":2},"minecraft:custom":{"minecraft:interact_with_anvil":84,"minecraft:leave_game":12,"minecraft:time_since_death":48372,"minecraft:damage_resisted":168,"minecraft:time_since_rest":48374,"minecraft:sprint_one_cm":306886,"minecraft:walk_one_cm":1026929,"minecraft:damage_taken":7956,"minecraft:damage_absorbed":1120,"minecraft:drop":354,"minecraft:damage_dealt":1316,"minecraft:swim_one_cm":28028,"minecraft:fly_one_cm":154757,"minecraft:open_chest":53,"minecraft:crouch_one_cm":3828,"minecraft:play_time":329479,"minecraft:deaths":25,"minecraft:sneak_time":3818,"minecraft:walk_under_water_one_cm":46791,"minecraft:aviate_one_cm":1831416,"minecraft:jump":2036,"minecraft:walk_on_water_one_cm":15166,"minecraft:total_world_time":329479,"minecraft:fall_one_cm":66504},"minecraft:killed":{"minecraft:ravager":1},"minecraft:mined":{"minecraft:diamond_ore":6,"minecraft:dead_bush":4,"minecraft:cobblestone":24,"minecraft:sculk_catalyst":1,"minecraft:iron_ore":19,"minecraft:oak_log":36,"minecraft:coal_ore":14,"minecraft:gold_ore":9},"minecraft:crafted":{"minecraft:oak_planks":36},"minecraft:used":{"minecraft:trident":22,"minecraft:water_bucket":10,"minecraft:netherite_sword":59,"minecraft:stone_pickaxe":19,"minecraft:wooden_pickaxe":34,"minecraft:rotten_flesh":1,"minecraft:golden_apple":29,"minecraft:dirt":11,"minecraft:spyglass":312,"create:cogwheel":112,"minecraft:firework_rocket":228,"minecraft:iron_axe":36,"minecraft:iron_pickaxe":19,"minecraft:totem_of_undying":2,"minecraft:bow":72,"minecraft:written_book":10,"minecraft:bucket":10,"minecraft:cooked_beef":4,"minecraft:sculk_catalyst":1,"create:large_cogwheel":41,"minecraft:experience_bottle":104},"minecraft:dropped":{"minecraft:spyglass":1,"minecraft:cooked_beef":54,"minecraft:oak_log":51,"minecraft:diamond":5,"minecraft:raw_iron":18,"minecraft:cobblestone":27,"minecraft:oak_planks":39,"minecraft:leather":30,"create:experience_nugget":5,"minecraft:name_tag":64,"minecraft:coal":15,"minecraft:wooden_axe":1,"minecraft:iron_axe":2,"minecraft:stone_pickaxe":1,"create:large_cogwheel":1,"minecraft:raw_gold":8,"minecraft:string":31,"minecraft:written_book":1}},"DataVersion":3120}