{"stats":{"minecraft:killed":{"minecraft:pig":3,"minecraft:villager":9},"minecraft:used":{"minecraft:orange_dye":17,"minecraft:light_gray_dye":7,"minecraft:writable_book":878,"minecraft:chiseled_deepslate":15,"create:piston_extension_pole":101,"minecraft:ladder":74,"minecraft:oak_sign":739,"minecraft:chest":161,"minecraft:stone":4228,"create:haunted_bell":3,"minecraft:warped_sign":6,"minecraft:smooth_sandstone_stairs":63,"create:cut_deepslate_bricks":15,"create:mechanical_bearing":18,"minecraft:debug_stick":55,"create:cogwheel":524,"create:mechanical_crafter":267,"minecraft:deepslate_brick_slab":12,"create:depot":16,"minecraft:tuff":6,"create:metal_girder":2,"create:speedometer":22,"minecraft:glass":6,"create:controls":2,"minecraft:honey_block":3,"minecraft:lava_bucket":268,"minecraft:bricks":11,"minecraft:coal_ore":156,"minecraft:villager_spawn_egg":13,"minecraft:red_wool":4,"minecraft:lantern":61,"minecraft:grass_block":109,"minecraft:quartz_block":16,"minecraft:copper_ore":21,"minecraft:dark_oak_leaves":3,"create:rope_pulley":7,"create:track_observer":16,"minecraft:stone_bricks":10,"minecraft:item_frame":102,"minecraft:bedrock":188,"minecraft:repeater":281,"minecraft:redstone_lamp":353,"minecraft:bow":1,"minecraft:scaffolding":25,"create:shaft":265,"minecraft:written_book":204,"create:mechanical_piston":7,"minecraft:furnace":10,"create:mechanical_drill":9,"minecraft:gold_block":508,"minecraft:skeleton_skull":1,"minecraft:pearlescent_froglight":4,"create:schedule":9,"minecraft:dark_oak_sign":5,"minecraft:oak_planks":105,"minecraft:wooden_pickaxe":2,"minecraft:sandstone":14173,"minecraft:redstone_block":899,"minecraft:jungle_pressure_plate":2,"minecraft:structure_void":180,"minecraft:white_wool":20,"minecraft:blue_dye":68,"minecraft:sand":1018,"create:track_station":16,"minecraft:infested_chiseled_stone_bricks":3,"minecraft:cut_sandstone_slab":144,"minecraft:loom":1,"minecraft:cyan_dye":4,"minecraft:deepslate_brick_stairs":7,"minecraft:redstone_torch":27,"minecraft:lever":12,"minecraft:black_concrete":29,"minecraft:chiseled_sandstone":1532,"minecraft:daylight_detector":2,"minecraft:barrier":1222,"minecraft:stone_button":169,"minecraft:brown_wool":459,"minecraft:verdant_froglight":3,"minecraft:cut_red_sandstone":244,"create:adjustable_chain_gearshift":8,"minecraft:polished_granite":20,"minecraft:oak_pressure_plate":6,"minecraft:diamond_ore":57,"minecraft:iron_door":11,"create:andesite_casing":36,"minecraft:gravel":4,"minecraft:jungle_sign":6,"minecraft:chain":25,"minecraft:white_concrete":22,"create:andesite_bars":15,"minecraft:cobweb":2,"create:large_cogwheel":206,"minecraft:experience_bottle":84,"minecraft:oak_fence":182,"create:clipboard":14,"minecraft:netherite_sword":20,"minecraft:iron_bars":3,"create:framed_glass":16,"minecraft:trident":1,"create:weighted_ejector":61,"minecraft:enchanting_table":4,"minecraft:red_concrete":8,"minecraft:redstone":1321,"create:sticky_mechanical_piston":25,"minecraft:sculk":3,"minecraft:cooked_chicken":1,"minecraft:sandstone_wall":8,"minecraft:netherrack":10,"minecraft:torch":83,"create:turntable":3,"minecraft:anvil":3,"minecraft:spyglass":93,"minecraft:target":7,"minecraft:ancient_debris":2,"minecraft:light_blue_dye":4,"create:attribute_filter":15,"create:redstone_contact":141,"create:copycat_panel":646,"minecraft:pink_dye":17,"minecraft:granite":18,"create:chute":96,"create:smart_chute":14,"minecraft:sea_lantern":71,"minecraft:gray_dye":20,"minecraft:iron_block":504,"minecraft:light_weighted_pressure_plate":41,"minecraft:iron_axe":1,"minecraft:oak_stairs":1,"minecraft:smooth_sandstone":443,"minecraft:slime_block":3,"create:copycat_step":85,"minecraft:iron_boots":1,"minecraft:lime_dye":12,"create:creative_motor":218,"create:encased_chain_drive":148,"minecraft:glowstone":4,"create:gantry_carriage":8,"create:content_observer":20,"minecraft:red_dye":34,"create:gantry_shaft":163,"minecraft:observer":10,"minecraft:magenta_dye":6,"create:belt_connector":120,"create:handheld_worldshaper":5,"minecraft:yellow_banner":95,"minecraft:iron_ore":173,"minecraft:sandstone_stairs":99,"minecraft:birch_planks":7,"minecraft:copper_block":3,"create:brass_tunnel":19,"create:red_seat":5,"minecraft:cut_sandstone":149,"minecraft:red_mushroom_block":4,"minecraft:spruce_sign":1,"minecraft:white_dye":21,"minecraft:glow_ink_sac":576,"minecraft:chiseled_nether_bricks":3,"minecraft:gold_ore":88,"minecraft:waxed_copper_block":11,"minecraft:waxed_exposed_copper":7,"minecraft:glow_item_frame":1,"minecraft:brown_dye":60,"minecraft:polished_deepslate_slab":1,"minecraft:diamond_block":95,"minecraft:terracotta":22,"minecraft:comparator":26,"create:encased_fan":40,"minecraft:lime_bed":2,"minecraft:green_dye":26,"minecraft:birch_sign":4,"minecraft:mangrove_sign":4,"minecraft:oak_log":10,"create:track":9,"minecraft:yellow_dye":49,"minecraft:black_wool":2,"create:mechanical_press":14,"minecraft:acacia_sign":6,"minecraft:stripped_jungle_log":15,"minecraft:command_block":1360,"minecraft:iron_pickaxe":17,"minecraft:spruce_pressure_plate":1,"minecraft:spruce_trapdoor":23,"create:mechanical_arm":192,"minecraft:purple_dye":6,"minecraft:crimson_sign":4,"minecraft:cobblestone":2,"minecraft:bucket":1,"minecraft:sandstone_slab":175,"minecraft:chain_command_block":340,"minecraft:repeating_command_block":59,"create:display_board":8,"minecraft:end_portal_frame":4,"create:hand_crank":5,"minecraft:stripped_oak_log":9,"create:elevator_pulley":40,"minecraft:smooth_stone":19},"minecraft:dropped":{"minecraft:gold_ore":1,"minecraft:daylight_detector":1,"create:belt_connector":2,"minecraft:repeating_command_block":21,"minecraft:iron_sword":1,"create:super_glue":7,"create:metal_girder":1,"minecraft:orange_dye":3,"minecraft:lapis_lazuli":1,"minecraft:oak_pressure_plate":1,"minecraft:oak_log":15,"minecraft:glow_ink_sac":29,"minecraft:golden_pickaxe":5,"minecraft:sandstone_stairs":5,"minecraft:sandstone_slab":2,"minecraft:lantern":1,"create:cogwheel":16,"minecraft:leather":10,"minecraft:bedrock":4,"minecraft:cut_sandstone_slab":2,"minecraft:gold_block":3,"minecraft:item_frame":18,"minecraft:light_weighted_pressure_plate":10,"minecraft:emerald":1,"minecraft:redstone_lamp":3,"create:mechanical_arm":4,"create:sticky_mechanical_piston":3,"minecraft:stone_button":12,"minecraft:yellow_dye":6,"minecraft:cut_sandstone":1,"minecraft:jungle_sapling":1,"minecraft:writable_book":5,"minecraft:sand":52,"create:large_cogwheel":3,"minecraft:iron_pickaxe":13,"minecraft:black_concrete":1,"minecraft:dark_oak_boat":2,"minecraft:white_wool":2,"minecraft:gray_dye":3,"create:elevator_pulley":2,"minecraft:gravel":64,"minecraft:spyglass":2,"minecraft:ancient_debris":2,"minecraft:diamond_block":1,"minecraft:lever":3,"create:brass_tunnel":1,"minecraft:golden_chestplate":1,"minecraft:detector_rail":7,"minecraft:smooth_sandstone_stairs":2,"minecraft:pink_dye":2,"minecraft:netherite_sword":1,"create:smart_chute":2,"minecraft:oak_planks":4,"minecraft:lime_dye":2,"create:turntable":1,"minecraft:acacia_chest_boat":2,"minecraft:echo_shard":1,"minecraft:lime_bed":1,"minecraft:sea_lantern":3,"create:encased_fan":2,"minecraft:trident":2,"create:creative_motor":11,"minecraft:coal_ore":1,"minecraft:honey_block":2,"minecraft:glowstone":2,"minecraft:leather_boots":5,"minecraft:chest":23,"create:mechanical_crafter":3,"minecraft:yellow_banner":1,"minecraft:leather_leggings":2,"create:track_station":1,"create:depot":1,"create:industrial_iron_block":1,"minecraft:white_dye":4,"create:track_observer":1,"minecraft:iron_ore":1,"minecraft:arrow":1,"minecraft:chain_command_block":41,"create:mechanical_press":4,"minecraft:ghast_tear":4,"minecraft:scaffolding":2,"minecraft:written_book":261,"minecraft:netherrack":1,"minecraft:enchanting_table":3,"create:gantry_shaft":1,"minecraft:dark_oak_chest_boat":1,"minecraft:enchanted_book":1,"minecraft:golden_boots":6,"minecraft:iron_ingot":6,"create:attribute_filter":9,"minecraft:netherite_pickaxe":1,"minecraft:black_dye":3,"minecraft:copper_block":2,"create:cuckoo_clock":4,"minecraft:cyan_dye":4,"minecraft:diamond_leggings":1,"minecraft:iron_helmet":1,"minecraft:oak_fence":3,"minecraft:barrier":6,"create:weighted_ejector":1,"create:chute":3,"create:copycat_step":3,"minecraft:command_block":119,"minecraft:activator_rail":1,"minecraft:stripped_jungle_log":3,"minecraft:purple_dye":3,"minecraft:grass_block":2,"minecraft:coal_block":1,"create:redstone_contact":2,"minecraft:stick":6,"create:andesite_casing":7,"minecraft:lava_bucket":7,"minecraft:iron_block":2,"create:clipboard":1,"minecraft:blue_dye":7,"create:handheld_worldshaper":4,"minecraft:pearlescent_froglight":1,"minecraft:sculk":2,"minecraft:torch":3,"minecraft:green_dye":6,"minecraft:repeater":11,"minecraft:wooden_axe":40,"minecraft:white_concrete":1,"minecraft:brown_wool":2,"minecraft:jungle_door":1,"minecraft:diamond_helmet":1,"create:piston_extension_pole":3,"minecraft:iron_axe":2,"minecraft:red_dye":3,"minecraft:string":23,"minecraft:smooth_sandstone":3,"minecraft:bucket":1,"minecraft:redstone_block":379,"minecraft:chiseled_sandstone":11,"minecraft:redstone":24,"minecraft:red_concrete":1,"minecraft:brown_dye":5,"create:shaft":10,"create:encased_chain_drive":4,"minecraft:experience_bottle":64,"minecraft:polished_deepslate_slab":1,"minecraft:birch_pressure_plate":1,"minecraft:iron_boots":8,"minecraft:comparator":3,"minecraft:stripped_oak_log":1,"create:experience_nugget":67,"minecraft:name_tag":2394,"minecraft:diamond_ore":1,"minecraft:oak_sign":58,"minecraft:target":5,"minecraft:copper_ore":1,"minecraft:light_blue_dye":2,"minecraft:stone":7,"minecraft:diamond_chestplate":1,"minecraft:diamond_pickaxe":16,"minecraft:iron_chestplate":2,"minecraft:redstone_torch":5,"minecraft:light_gray_dye":5,"minecraft:diamond_boots":7,"minecraft:sandstone":37,"minecraft:bow":1,"minecraft:magenta_dye":4,"minecraft:stone_pickaxe":12,"minecraft:wooden_pickaxe":57,"minecraft:black_wool":1,"create:golden_sheet":2,"minecraft:terracotta":1},"minecraft:mined":{"minecraft:cobblestone":1,"minecraft:oak_log":1,"minecraft:redstone_block":15,"minecraft:structure_void":4,"minecraft:coal_ore":1,"create:mechanical_crafter":1},"minecraft:custom":{"minecraft:open_shulker_box":12,"minecraft:bell_ring":7,"minecraft:leave_game":101,"minecraft:time_since_death":947401,"minecraft:sprint_one_cm":1169905,"minecraft:drop":1692,"minecraft:talked_to_villager":10,"minecraft:play_time":7311719,"minecraft:deaths":41,"minecraft:jump":9436,"minecraft:walk_on_water_one_cm":5318,"minecraft:interact_with_furnace":86,"minecraft:interact_with_loom":9,"minecraft:damage_dealt":2120,"minecraft:crouch_one_cm":76827,"minecraft:inspect_dispenser":2,"minecraft:mob_kills":13,"minecraft:interact_with_anvil":135,"minecraft:climb_one_cm":32627,"minecraft:walk_one_cm":7056563,"minecraft:sneak_time":175672,"minecraft:walk_under_water_one_cm":12040,"minecraft:total_world_time":7311719,"minecraft:pot_flower":8,"minecraft:time_since_rest":947402,"minecraft:damage_taken":7670,"minecraft:fly_one_cm":34215740,"minecraft:open_chest":943,"minecraft:fall_one_cm":71911},"minecraft:picked_up":{"minecraft:wooden_axe":42,"minecraft:chiseled_deepslate":1,"minecraft:iron_chestplate":1,"minecraft:redstone_block":10,"create:mechanical_crafter":7,"minecraft:lead":1,"minecraft:enchanted_book":1,"minecraft:string":38,"minecraft:iron_leggings":1,"minecraft:netherite_ingot":8,"create:piston_extension_pole":1,"minecraft:experience_bottle":64,"minecraft:oak_sign":16,"create:sticky_mechanical_piston":1,"minecraft:diamond_leggings":1,"create:mechanical_press":4,"minecraft:gold_nugget":20,"minecraft:comparator":4,"minecraft:light_weighted_pressure_plate":7,"minecraft:red_dye":2,"minecraft:redstone_torch":5,"minecraft:written_book":106,"minecraft:iron_pickaxe":3,"minecraft:coal_block":1,"minecraft:furnace":3,"minecraft:iron_boots":7,"minecraft:diamond_ore":1,"minecraft:golden_helmet":2,"minecraft:stick":34,"minecraft:jungle_door":1,"minecraft:oak_fence":2,"minecraft:torch":3,"create:andesite_casing":7,"minecraft:porkchop":3,"minecraft:golden_chestplate":4,"minecraft:black_dye":2,"minecraft:yellow_banner":12,"create:industrial_iron_block":1,"minecraft:command_block":27,"create:clipboard":1,"minecraft:blue_dye":7,"minecraft:glowstone":1,"create:mechanical_arm":1,"minecraft:cobblestone":4,"minecraft:enchanting_table":2,"minecraft:leather_chestplate":2,"minecraft:barrier":7,"minecraft:cooked_beef":12,"minecraft:repeater":16,"create:belt_connector":1,"minecraft:magenta_dye":1,"minecraft:light_gray_dye":2,"minecraft:smooth_sandstone_stairs":1,"minecraft:lapis_lazuli":1,"minecraft:cut_sandstone_slab":1,"minecraft:lantern":32,"minecraft:name_tag":2954,"create:encased_chain_drive":2,"minecraft:leather_boots":7,"minecraft:raw_gold":1,"minecraft:light_blue_dye":1,"create:shaft":3,"minecraft:diamond_helmet":2,"create:super_glue":2,"minecraft:oak_planks":111,"minecraft:ghast_tear":3,"create:cogwheel":1,"create:cuckoo_clock":2,"minecraft:oak_pressure_plate":1,"minecraft:sand":186,"minecraft:chiseled_sandstone":4,"create:schedule":1,"minecraft:lever":2,"minecraft:writable_book":39,"minecraft:crossbow":5,"minecraft:white_concrete":1,"minecraft:emerald":7,"minecraft:cyan_dye":2,"minecraft:diamond_pickaxe":7,"minecraft:sandstone_slab":1,"create:track_observer":1,"minecraft:golden_pickaxe":1,"minecraft:leather_leggings":2,"minecraft:wooden_pickaxe":52,"create:handheld_worldshaper":2,"minecraft:gold_block":2,"minecraft:orange_banner":1,"minecraft:shield":1,"minecraft:iron_axe":1,"minecraft:item_frame":27,"create:chute":2,"minecraft:beef":8,"create:haunted_bell":1,"minecraft:chest":8,"minecraft:spruce_trapdoor":15,"minecraft:copper_ore":1,"minecraft:sandstone":54,"minecraft:raw_iron":26,"minecraft:orange_dye":1,"minecraft:polished_deepslate_slab":1,"minecraft:stone":3,"create:golden_sheet":1,"minecraft:copper_ingot":8,"minecraft:gray_dye":1,"minecraft:white_dye":1,"minecraft:stone_button":27,"create:hand_crank":2,"minecraft:redstone":76,"minecraft:brown_dye":2,"minecraft:repeating_command_block":1,"minecraft:diamond_chestplate":2,"create:experience_nugget":2946,"minecraft:diamond_boots":7,"minecraft:sandstone_stairs":1,"create:depot":2,"minecraft:purple_dye":2,"minecraft:glow_ink_sac":11,"minecraft:tripwire_hook":8,"minecraft:cut_sandstone":83,"minecraft:leather":27,"minecraft:yellow_dye":1,"minecraft:oak_log":45,"minecraft:ancient_debris":1,"minecraft:golden_boots":7,"minecraft:birch_pressure_plate":1,"create:adjustable_chain_gearshift":2,"minecraft:iron_ingot":10,"minecraft:stone_pickaxe":6,"minecraft:iron_ore":1,"minecraft:iron_sword":2,"minecraft:green_dye":3,"create:elevator_pulley":1,"minecraft:scaffolding":5,"create:attribute_filter":3,"minecraft:spyglass":1,"minecraft:lava_bucket":1,"create:brass_tunnel":1,"minecraft:gold_ore":1,"minecraft:sea_lantern":1,"minecraft:stripped_jungle_log":1,"create:creative_motor":9,"minecraft:lime_dye":1,"minecraft:coal_ore":1,"create:weighted_ejector":1,"create:encased_fan":1,"minecraft:iron_helmet":4,"minecraft:brown_banner":1,"minecraft:red_concrete":1,"minecraft:coal":1,"minecraft:pink_dye":1},"minecraft:crafted":{"minecraft:oak_planks":164,"minecraft:stick":88,"minecraft:iron_ingot":38,"minecraft:gold_ingot":23,"minecraft:air":0}},"DataVersion":3120}