{"stats":{"minecraft:mined":{"minecraft:redstone_block":17},"minecraft:custom":{"minecraft:time_since_rest":2839,"minecraft:damage_taken":2390,"minecraft:interact_with_furnace":27,"minecraft:sprint_one_cm":484273,"minecraft:walk_one_cm":608283,"minecraft:drop":12,"minecraft:fly_one_cm":263591,"minecraft:open_chest":64,"minecraft:crouch_one_cm":2928,"minecraft:open_shulker_box":7,"minecraft:play_time":282147,"minecraft:deaths":11,"minecraft:sneak_time":10648,"minecraft:jump":1898,"minecraft:leave_game":4,"minecraft:time_since_death":2838,"minecraft:total_world_time":282147,"minecraft:climb_one_cm":16591,"minecraft:fall_one_cm":67141},"minecraft:picked_up":{"minecraft:ghast_tear":1,"minecraft:stick":9,"minecraft:leather_chestplate":1,"minecraft:redstone_block":9,"minecraft:tripwire_hook":2,"create:mechanical_crafter":4,"minecraft:leather_leggings":1,"minecraft:leather":29,"minecraft:wooden_pickaxe":1,"minecraft:oak_log":34,"minecraft:shield":1,"minecraft:lapis_lazuli":1,"minecraft:golden_chestplate":1,"minecraft:string":8,"minecraft:iron_leggings":1,"minecraft:diamond":3,"minecraft:iron_helmet":1,"minecraft:iron_ingot":2,"minecraft:crossbow":2,"minecraft:stone_pickaxe":1,"minecraft:written_book":1,"minecraft:iron_pickaxe":1,"minecraft:diamond_helmet":1,"minecraft:iron_sword":2,"minecraft:oak_planks":19,"minecraft:cobblestone":7},"minecraft:dropped":{"minecraft:iron_sword":1,"minecraft:copper_block":1,"minecraft:honey_block":1,"create:mechanical_crafter":1,"minecraft:iron_axe":1,"minecraft:stone_pickaxe":1,"minecraft:wooden_pickaxe":1,"minecraft:iron_pickaxe":1,"minecraft:bedrock":1,"minecraft:grass_block":1,"minecraft:enchanting_table":1,"minecraft:chiseled_sandstone":1},"minecraft:crafted":{"minecraft:oak_planks":140,"minecraft:gold_nugget":1,"minecraft:stick":12,"minecraft:iron_ingot":22,"minecraft:gold_ingot":9,"minecraft:air":0},"minecraft:used":{"minecraft:iron_pickaxe":17,"minecraft:redstone_block":384,"minecraft:iron_boots":1,"minecraft:spyglass":147,"minecraft:written_book":69,"create:cogwheel":347,"create:mechanical_crafter":173,"minecraft:golden_chestplate":1,"create:large_cogwheel":159}},"DataVersion":3120}