{"stats":{"minecraft:killed":{"minecraft:villager":4},"minecraft:dropped":{"minecraft:gold_ore":1,"create:analog_lever":1,"create:super_glue":4,"minecraft:warped_fungus":1,"minecraft:loom":129,"minecraft:crafting_table":1,"minecraft:lime_shulker_box":3,"minecraft:orange_tulip":64,"minecraft:weeping_vines":1,"minecraft:glow_item_frame":1,"minecraft:flower_banner_pattern":3,"create:cogwheel":1,"minecraft:honeycomb":1,"minecraft:creeper_banner_pattern":3,"minecraft:bedrock":193,"minecraft:brown_banner":16,"minecraft:black_banner":17,"minecraft:light_weighted_pressure_plate":1,"minecraft:redstone_lamp":71,"create:sticky_mechanical_piston":1,"minecraft:stone_button":6,"minecraft:dispenser":64,"minecraft:mojang_banner_pattern":4,"minecraft:cornflower":65,"minecraft:writable_book":1,"minecraft:sand":120,"minecraft:verdant_froglight":65,"create:large_cogwheel":1,"minecraft:iron_pickaxe":2,"minecraft:light_blue_banner":16,"minecraft:white_wool":208,"minecraft:honeycomb_block":1,"minecraft:gravel":67,"minecraft:note_block":193,"minecraft:white_tulip":64,"minecraft:magenta_banner":16,"minecraft:crimson_fungus":1,"minecraft:sugar_cane":1,"minecraft:diamond_block":129,"minecraft:lever":1,"minecraft:twisting_vines":1,"minecraft:purple_banner":2,"minecraft:rotten_flesh":28,"create:smart_chute":2,"minecraft:oak_planks":67,"minecraft:netherite_shovel":2,"minecraft:lime_dye":63,"minecraft:azure_bluet":1,"create:mechanical_bearing":1,"minecraft:wandering_trader_spawn_egg":1,"minecraft:poppy":1,"minecraft:red_mushroom_block":1,"create:encased_fan":1,"create:creative_motor":17,"minecraft:skull_banner_pattern":2,"minecraft:honey_block":199,"create:wrench":1,"minecraft:chest":194,"minecraft:yellow_banner":33,"minecraft:arrow":2,"minecraft:glass":1,"create:mechanical_press":3,"minecraft:scaffolding":1,"minecraft:written_book":20,"minecraft:splash_potion":2,"minecraft:enchanting_table":201,"minecraft:black_dye":64,"minecraft:chiseled_nether_bricks":66,"create:attribute_filter":120,"minecraft:copper_block":193,"minecraft:minecart":1,"create:cut_deepslate_brick_stairs":2,"minecraft:barrier":3,"minecraft:lead":4,"minecraft:observer":1,"create:chute":4,"minecraft:command_block":3,"minecraft:grass_block":199,"minecraft:coal_block":2,"minecraft:lime_banner":16,"minecraft:polished_andesite":1,"minecraft:oxeye_daisy":65,"minecraft:lava_bucket":1,"minecraft:cobweb":1,"minecraft:dark_oak_leaves":2,"minecraft:blue_dye":63,"create:handheld_worldshaper":1,"minecraft:sculk":196,"minecraft:milk_bucket":1,"minecraft:repeater":12,"minecraft:wooden_axe":4,"minecraft:iron_door":2,"minecraft:wither_rose":1,"minecraft:white_banner":1,"minecraft:mud":1,"minecraft:smooth_sandstone":1,"minecraft:string":1,"minecraft:trapped_chest":1,"create:copper_casing":1,"minecraft:redstone_block":70,"minecraft:chiseled_sandstone":328,"minecraft:dandelion":1,"minecraft:pink_tulip":65,"minecraft:redstone":94,"minecraft:red_concrete":68,"minecraft:furnace":2,"minecraft:bricks":67,"minecraft:anvil":1,"create:shaft":1,"minecraft:deepslate":1,"minecraft:sticky_piston":1,"create:encased_chain_drive":1,"minecraft:experience_bottle":384,"minecraft:red_banner":17,"minecraft:slime_block":3,"create:experience_nugget":321,"minecraft:name_tag":337,"minecraft:diamond_ore":1,"create:netherite_backtank":4,"minecraft:oak_sign":1,"minecraft:suspicious_stew":3,"minecraft:lily_of_the_valley":65,"minecraft:target":4,"minecraft:copper_ore":1,"minecraft:filled_map":1,"minecraft:light_blue_dye":128,"minecraft:stone":83,"minecraft:allium":2,"minecraft:piglin_banner_pattern":3,"minecraft:blue_banner":1,"minecraft:wooden_shovel":1,"minecraft:end_portal_frame":65,"minecraft:stone_pressure_plate":1,"minecraft:stone_bricks":1,"minecraft:cow_spawn_egg":1,"minecraft:bamboo":1,"minecraft:sandstone":23,"minecraft:blue_orchid":1,"minecraft:globe_banner_pattern":3,"create:framed_glass":1},"minecraft:custom":{"minecraft:interact_with_crafting_table":5,"minecraft:open_barrel":3,"minecraft:open_shulker_box":7,"minecraft:leave_game":31,"minecraft:time_since_death":149207,"minecraft:damage_resisted":744,"minecraft:sprint_one_cm":1255841,"minecraft:drop":888,"minecraft:talked_to_villager":88,"minecraft:play_time":3330245,"minecraft:deaths":67,"minecraft:jump":8530,"minecraft:walk_on_water_one_cm":2944,"minecraft:interact_with_furnace":2,"minecraft:interact_with_loom":14,"minecraft:damage_dealt":1110,"minecraft:crouch_one_cm":19926,"minecraft:inspect_dispenser":24,"minecraft:inspect_dropper":2,"minecraft:mob_kills":16,"minecraft:interact_with_anvil":40,"minecraft:inspect_hopper":25,"minecraft:climb_one_cm":4454,"minecraft:walk_one_cm":5073040,"minecraft:sneak_time":36445,"minecraft:walk_under_water_one_cm":12535,"minecraft:total_world_time":3330245,"minecraft:tune_noteblock":26,"minecraft:pot_flower":4,"minecraft:interact_with_stonecutter":2,"minecraft:time_since_rest":149209,"minecraft:damage_taken":6676,"minecraft:minecart_one_cm":480,"minecraft:fly_one_cm":15400000,"minecraft:open_chest":219,"minecraft:fall_one_cm":34232},"minecraft:used":{"create:light_blue_seat":16,"minecraft:light_blue_banner":2,"create:copper_door":7,"minecraft:jack_o_lantern":8,"minecraft:writable_book":137,"minecraft:polished_deepslate":19,"create:piston_extension_pole":125,"minecraft:dispenser":8,"minecraft:ladder":10,"minecraft:oak_sign":39,"minecraft:chest":33,"minecraft:stone":137,"minecraft:smooth_sandstone_stairs":198,"create:railway_casing":167,"create:mechanical_bearing":43,"create:fluid_tank":8,"create:cut_deepslate_bricks":18,"minecraft:iron_chestplate":1,"minecraft:chiseled_red_sandstone":45,"create:blue_seat":17,"minecraft:birch_pressure_plate":4,"minecraft:weathered_copper":25,"create:cogwheel":245,"create:mechanical_crafter":179,"minecraft:orange_wool":5,"create:depot":44,"create:speedometer":4,"create:framed_glass_pane":35,"minecraft:wandering_trader_spawn_egg":1,"minecraft:frog_spawn_egg":7,"minecraft:glass":67,"create:controls":5,"minecraft:packed_ice":5,"minecraft:honey_block":11,"minecraft:honeycomb":10,"minecraft:lava_bucket":26,"minecraft:bricks":483,"minecraft:coal_ore":1,"minecraft:lime_banner":2,"minecraft:villager_spawn_egg":113,"minecraft:grass_block":1,"minecraft:copper_ore":14,"minecraft:quartz_block":30,"minecraft:polished_andesite_stairs":228,"create:rope_pulley":1,"create:track_observer":6,"minecraft:stone_bricks":97,"minecraft:blue_banner":9,"minecraft:item_frame":34,"minecraft:repeater":284,"minecraft:redstone_lamp":20,"minecraft:red_carpet":16,"create:linked_controller":6,"minecraft:scaffolding":2,"create:yellow_seat":3,"create:shaft":259,"minecraft:written_book":14,"minecraft:furnace":2,"create:industrial_iron_block":50,"minecraft:gold_block":22,"create:schedule":11,"minecraft:end_rod":2,"minecraft:cow_spawn_egg":25,"minecraft:spruce_door":2,"minecraft:dropper":1,"create:crushing_wheel":12,"minecraft:powered_rail":1,"minecraft:oak_planks":301,"minecraft:sandstone":9905,"minecraft:redstone_block":109,"create:copper_valve_handle":6,"minecraft:white_wool":3,"minecraft:sand":418,"create:track_station":18,"minecraft:cut_sandstone_slab":21,"minecraft:loom":5,"minecraft:black_banner":13,"minecraft:note_block":4,"create:deepslate_pillar":1,"minecraft:exposed_copper":1,"minecraft:creeper_spawn_egg":5,"minecraft:redstone_torch":32,"minecraft:sticky_piston":17,"minecraft:enderman_spawn_egg":1,"minecraft:lever":62,"minecraft:black_concrete":204,"minecraft:red_sandstone":1,"create:display_link":10,"minecraft:chiseled_sandstone":880,"minecraft:heavy_weighted_pressure_plate":1,"minecraft:barrier":380,"minecraft:string":4,"minecraft:stone_button":141,"minecraft:oak_pressure_plate":18,"minecraft:diamond_ore":3,"minecraft:iron_door":19,"create:adjustable_chain_gearshift":16,"minecraft:deepslate":19,"minecraft:gravel":9,"minecraft:cat_spawn_egg":1,"minecraft:polished_andesite_slab":156,"minecraft:coal_block":6,"minecraft:chain":7,"minecraft:smooth_stone_slab":24,"create:steam_whistle":8,"create:andesite_bars":259,"minecraft:white_concrete":8,"minecraft:cobweb":58,"minecraft:experience_bottle":1,"create:large_cogwheel":120,"minecraft:netherite_sword":9,"minecraft:oak_fence":181,"minecraft:iron_bars":4,"create:brass_door":7,"create:framed_glass":133,"create:weighted_ejector":13,"minecraft:waxed_weathered_copper":85,"create:schematic_table":9,"minecraft:red_concrete":3,"minecraft:redstone_ore":3,"minecraft:armor_stand":42,"minecraft:redstone":713,"create:veridium":18,"minecraft:spruce_planks":8,"create:sticky_mechanical_piston":81,"minecraft:sculk":1,"minecraft:anvil":4,"minecraft:torch":32,"minecraft:red_nether_brick_slab":6,"minecraft:spyglass":52,"minecraft:dirt":31,"create:mechanical_pump":5,"create:andesite_door":8,"minecraft:target":1,"minecraft:hopper":5,"create:copper_casing":3,"create:attribute_filter":21,"create:redstone_contact":34,"create:copycat_panel":215,"minecraft:granite":55,"minecraft:purple_banner":5,"create:smart_chute":24,"create:chute":28,"minecraft:stone_brick_slab":75,"minecraft:sea_lantern":260,"create:polished_cut_tuff_slab":3,"create:wrench":82,"minecraft:light_weighted_pressure_plate":33,"minecraft:oak_stairs":61,"minecraft:smooth_sandstone":31,"create:copycat_step":36,"create:tuff_pillar":119,"create:creative_motor":313,"create:encased_chain_drive":74,"minecraft:tripwire_hook":9,"create:fluid_pipe":5,"minecraft:stone_pressure_plate":19,"create:fluid_valve":3,"create:belt_connector":44,"create:cut_deepslate_brick_stairs":4,"create:handheld_worldshaper":1,"minecraft:water_bucket":2,"minecraft:yellow_banner":11,"create:brass_block":19,"minecraft:iron_ore":3,"minecraft:sandstone_stairs":2,"minecraft:polished_andesite":160,"minecraft:lime_wool":3,"create:train_door":1,"create:brass_tunnel":20,"create:red_seat":24,"minecraft:cut_sandstone":30,"minecraft:stonecutter":4,"minecraft:glow_ink_sac":3,"minecraft:gold_ore":3,"create:framed_glass_trapdoor":13,"minecraft:waxed_exposed_copper":25,"minecraft:glow_item_frame":42,"minecraft:polished_blackstone_pressure_plate":3,"minecraft:diamond_block":2,"minecraft:rabbit_spawn_egg":1,"minecraft:comparator":15,"create:encased_fan":45,"create:brass_funnel":7,"minecraft:oak_slab":16,"minecraft:crafting_table":3,"minecraft:brown_banner":5,"minecraft:campfire":2,"minecraft:mud":12,"create:track":120,"create:zinc_block":5,"create:andesite_ladder":15,"create:mechanical_press":12,"minecraft:command_block":555,"minecraft:pig_spawn_egg":6,"minecraft:suspicious_stew":35,"minecraft:map":1,"minecraft:spruce_trapdoor":2,"create:mechanical_arm":152,"minecraft:crimson_nylium":4,"minecraft:magenta_banner":2,"minecraft:orange_banner":2,"minecraft:white_banner":14,"minecraft:bucket":5,"minecraft:red_banner":2,"minecraft:chain_command_block":1,"minecraft:sandstone_slab":1,"minecraft:repeating_command_block":30,"create:creative_fluid_tank":1,"create:display_board":10,"minecraft:polished_blackstone_button":3,"create:hand_crank":30,"create:elevator_pulley":19,"create:redstone_link":16,"minecraft:splash_potion":56,"minecraft:smooth_stone":52},"minecraft:picked_up":{"minecraft:wooden_axe":4,"minecraft:iron_chestplate":2,"minecraft:redstone_block":192,"minecraft:iron_trapdoor":3,"minecraft:suspicious_stew":6,"create:mechanical_crafter":1,"minecraft:lead":3,"create:cut_deepslate_brick_stairs":1,"create:wrench":2,"minecraft:wither_rose":1,"minecraft:armor_stand":3,"minecraft:string":1,"minecraft:iron_leggings":2,"minecraft:globe_banner_pattern":2,"create:piston_extension_pole":10,"minecraft:experience_bottle":384,"minecraft:purple_banner":3,"minecraft:oak_sign":2,"create:sticky_mechanical_piston":3,"create:mechanical_press":4,"minecraft:gold_nugget":137,"minecraft:bucket":1,"minecraft:dark_oak_leaves":193,"minecraft:white_tulip":65,"minecraft:light_weighted_pressure_plate":1,"minecraft:red_dye":2,"minecraft:redstone_torch":2,"minecraft:written_book":2,"minecraft:flower_banner_pattern":2,"minecraft:iron_pickaxe":2,"minecraft:coal_block":1,"minecraft:furnace":128,"minecraft:diamond_ore":1,"minecraft:mojang_banner_pattern":4,"minecraft:stick":48,"minecraft:torch":2,"minecraft:target":66,"minecraft:villager_spawn_egg":1,"minecraft:infested_chiseled_stone_bricks":64,"minecraft:pointed_dripstone":5,"minecraft:chiseled_nether_bricks":193,"minecraft:black_dye":64,"minecraft:yellow_banner":3,"create:large_cogwheel":1,"minecraft:rotten_flesh":28,"minecraft:command_block":3,"minecraft:cow_spawn_egg":1,"create:track":13,"minecraft:iron_block":2,"minecraft:enchanting_table":196,"minecraft:barrier":8,"minecraft:repeater":31,"minecraft:iron_door":4,"minecraft:copper_block":65,"create:belt_connector":1,"minecraft:skull_banner_pattern":2,"minecraft:lantern":1,"minecraft:name_tag":357,"minecraft:twisting_vines":1,"minecraft:glass":1,"minecraft:orange_tulip":64,"minecraft:wheat_seeds":2,"minecraft:light_blue_dye":128,"create:shaft":1,"minecraft:bamboo":1,"create:super_glue":1,"minecraft:oak_planks":194,"minecraft:ghast_tear":2,"minecraft:oak_pressure_plate":2,"minecraft:sand":2239,"create:steam_whistle":3,"minecraft:grass_block":195,"minecraft:loom":193,"minecraft:lily_of_the_valley":65,"minecraft:diamond_block":192,"minecraft:chiseled_sandstone":257,"create:netherite_backtank":4,"minecraft:slime_block":194,"minecraft:lever":8,"minecraft:writable_book":1,"minecraft:blue_banner":3,"minecraft:piglin_banner_pattern":2,"minecraft:oak_sapling":4,"create:copper_valve_handle":2,"minecraft:bricks":193,"minecraft:diamond_pickaxe":1,"minecraft:mud":1,"minecraft:crafting_table":1,"minecraft:allium":2,"minecraft:azure_bluet":1,"minecraft:splash_potion":3,"minecraft:redstone_lamp":196,"create:mechanical_piston":3,"minecraft:brown_mushroom":3,"minecraft:gold_block":194,"minecraft:chain":1,"minecraft:shield":1,"minecraft:brick":9,"minecraft:cornflower":65,"minecraft:item_frame":4,"create:chute":1,"minecraft:creeper_banner_pattern":3,"minecraft:blue_orchid":1,"minecraft:jungle_sapling":1,"minecraft:observer":128,"minecraft:iron_nugget":46,"minecraft:poppy":1,"minecraft:minecart":1,"minecraft:sugar_cane":1,"minecraft:chest":256,"minecraft:copper_ore":1,"minecraft:lime_shulker_box":3,"minecraft:raw_iron":1,"minecraft:sandstone":41,"minecraft:stone":193,"minecraft:glow_item_frame":1,"minecraft:bowl":2,"minecraft:note_block":129,"minecraft:fire_charge":1,"minecraft:stone_button":26,"create:hand_crank":2,"minecraft:redstone":85,"minecraft:stone_pressure_plate":2,"minecraft:arrow":99,"minecraft:weeping_vines":1,"create:experience_nugget":321,"create:depot":1,"minecraft:pink_tulip":65,"minecraft:gold_ingot":10,"minecraft:black_banner":1,"minecraft:white_wool":268,"minecraft:oxeye_daisy":65,"minecraft:tripwire_hook":1,"minecraft:cut_sandstone":11,"minecraft:red_mushroom_block":128,"minecraft:red_mushroom":2,"minecraft:end_portal_frame":192,"minecraft:filled_map":1,"minecraft:bedrock":64,"minecraft:crimson_fungus":1,"minecraft:white_banner":3,"minecraft:smooth_sandstone":25,"minecraft:apple":2,"minecraft:iron_ingot":182,"minecraft:iron_sword":2,"minecraft:verdant_froglight":192,"minecraft:scaffolding":1,"minecraft:warped_fungus":1,"minecraft:sculk":131,"create:attribute_filter":81,"minecraft:dandelion":1,"minecraft:gravel":193,"minecraft:lava_bucket":1,"minecraft:red_banner":1,"create:brass_tunnel":2,"minecraft:gold_ore":1,"create:creative_motor":17,"minecraft:honey_block":131,"create:encased_fan":1,"minecraft:iron_helmet":1,"minecraft:red_concrete":194,"minecraft:coal":63,"create:andesite_ladder":2},"minecraft:crafted":{"minecraft:suspicious_stew":23}},"DataVersion":3120}