{"stats":{"minecraft:mined":{"minecraft:grass_block":7,"minecraft:iron_ore":70,"create:cogwheel":2,"minecraft:dead_bush":1,"minecraft:cobblestone":72,"minecraft:oak_planks":1,"minecraft:oak_log":110,"minecraft:dirt":4,"minecraft:cut_red_sandstone":4,"minecraft:diamond_ore":5,"create:large_cogwheel":2,"minecraft:sandstone":5,"minecraft:stone":7,"minecraft:redstone_block":57,"minecraft:crafting_table":1,"minecraft:smooth_sandstone":318,"minecraft:coal_ore":32,"minecraft:gold_ore":35},"minecraft:killed":{"minecraft:zombie":1,"minecraft:horse":10,"minecraft:warden":1,"minecraft:wandering_trader":1,"minecraft:villager":23},"minecraft:custom":{"minecraft:interact_with_crafting_table":2,"minecraft:open_shulker_box":62,"minecraft:leave_game":86,"minecraft:time_since_death":346991,"minecraft:damage_resisted":7824,"minecraft:sprint_one_cm":3385219,"minecraft:drop":1484,"minecraft:talked_to_villager":2,"minecraft:play_time":4372098,"minecraft:deaths":123,"minecraft:jump":29709,"minecraft:walk_on_water_one_cm":54130,"minecraft:damage_dealt":14123,"minecraft:interact_with_beacon":4,"minecraft:crouch_one_cm":374283,"minecraft:inspect_dispenser":17,"minecraft:mob_kills":155,"minecraft:interact_with_anvil":49,"minecraft:inspect_hopper":3,"minecraft:climb_one_cm":23793,"minecraft:walk_one_cm":5975319,"minecraft:sneak_time":257548,"minecraft:walk_under_water_one_cm":47053,"minecraft:total_world_time":4372098,"minecraft:tune_noteblock":301,"minecraft:pot_flower":7,"minecraft:interact_with_grindstone":1,"minecraft:time_since_rest":346992,"minecraft:damage_taken":26857,"minecraft:damage_absorbed":1532,"minecraft:swim_one_cm":12414,"minecraft:fly_one_cm":24519255,"minecraft:open_chest":209,"minecraft:aviate_one_cm":1078865,"minecraft:fall_one_cm":238420},"minecraft:picked_up":{"minecraft:wooden_axe":3,"minecraft:iron_chestplate":4,"minecraft:redstone_block":144,"minecraft:iron_trapdoor":1,"minecraft:anvil":3,"minecraft:red_sandstone_stairs":1,"create:metal_bracket":2,"create:wrench":1,"minecraft:blue_concrete":3,"minecraft:string":7,"minecraft:experience_bottle":576,"minecraft:oak_sign":5,"minecraft:smooth_red_sandstone_slab":1,"minecraft:gold_nugget":30,"minecraft:spruce_planks":22,"minecraft:light_weighted_pressure_plate":2,"minecraft:redstone_torch":6,"minecraft:written_book":111,"minecraft:iron_pickaxe":5,"minecraft:stick":22,"minecraft:jungle_door":3,"minecraft:birch_trapdoor":1,"minecraft:brown_terracotta":2,"minecraft:torch":13,"minecraft:sandstone_wall":1,"create:large_cogwheel":12,"minecraft:command_block":4,"minecraft:rotten_flesh":97,"minecraft:red_sandstone_slab":1,"create:track":48,"create:mechanical_arm":1,"create:andesite_door":4,"minecraft:cobblestone":83,"minecraft:barrier":1,"minecraft:repeater":22,"create:belt_connector":1,"minecraft:smooth_sandstone_stairs":1,"minecraft:cut_sandstone_slab":1,"minecraft:lantern":9,"minecraft:name_tag":718,"create:encased_chain_drive":1,"minecraft:wheat_seeds":81,"minecraft:raw_gold":35,"minecraft:oak_planks":2,"minecraft:ghast_tear":11,"minecraft:red_sandstone_wall":1,"create:cogwheel":27,"create:cuckoo_clock":2,"minecraft:sand":349,"create:copycat_panel":2,"minecraft:grass_block":1,"minecraft:diamond_block":2,"minecraft:chiseled_sandstone":2,"minecraft:green_concrete":2,"minecraft:diamond":5,"create:filter":2,"minecraft:lever":4,"create:copper_valve_handle":1,"minecraft:fishing_rod":2,"minecraft:crafting_table":1,"minecraft:sandstone_slab":1,"minecraft:redstone_lamp":1,"minecraft:brown_mushroom":1,"minecraft:wooden_pickaxe":3,"minecraft:cornflower":1,"minecraft:jungle_trapdoor":1,"minecraft:iron_axe":5,"minecraft:item_frame":28,"minecraft:netherite_sword":2,"minecraft:echo_shard":5,"create:basin":2,"minecraft:jungle_sapling":5,"minecraft:chest":7,"minecraft:minecart":18,"minecraft:spruce_trapdoor":4,"minecraft:raw_iron":79,"minecraft:sandstone":160,"create:golden_sheet":26,"minecraft:bowl":3,"minecraft:cut_red_sandstone_slab":1,"minecraft:note_block":1,"minecraft:stone_button":44,"create:hand_crank":5,"minecraft:redstone":110,"minecraft:stone_pressure_plate":4,"minecraft:smooth_sandstone_slab":1,"minecraft:tnt":1,"minecraft:arrow":1141,"minecraft:red_shulker_box":1,"create:experience_nugget":594,"minecraft:sandstone_stairs":1,"create:depot":1,"minecraft:totem_of_undying":3,"minecraft:saddle":1,"minecraft:rail":2,"minecraft:smooth_red_sandstone_stairs":2,"minecraft:smooth_red_sandstone":3,"minecraft:cut_sandstone":33,"minecraft:leather":2,"minecraft:yellow_dye":1,"minecraft:red_mushroom":1,"minecraft:oak_log":116,"minecraft:ancient_debris":6,"minecraft:wooden_hoe":1,"minecraft:smooth_sandstone":308,"minecraft:red_sandstone":2,"minecraft:iron_ingot":66,"minecraft:stone_pickaxe":3,"create:brass_door":4,"minecraft:scaffolding":4,"minecraft:milk_bucket":1,"create:attribute_filter":1,"minecraft:yellow_concrete":3,"minecraft:lime_concrete":1,"create:brass_tunnel":3,"minecraft:cut_red_sandstone":5,"minecraft:sculk_sensor":1,"minecraft:painting":1,"minecraft:red_concrete":3,"minecraft:coal":32,"create:andesite_ladder":8},"minecraft:dropped":{"create:copper_valve_handle":1,"create:belt_connector":3,"minecraft:iron_sword":1,"minecraft:brown_mushroom":1,"minecraft:oak_pressure_plate":1,"minecraft:cooked_beef":128,"minecraft:oak_log":108,"minecraft:diamond":5,"minecraft:crafting_table":1,"minecraft:sandstone_stairs":66,"minecraft:red_sandstone":3,"minecraft:crossbow":1,"minecraft:sandstone_slab":1,"create:cogwheel":7,"minecraft:leather":50,"create:filter":1,"minecraft:red_wool":1,"minecraft:red_sandstone_wall":1,"minecraft:saddle":1,"minecraft:quartz_pillar":1,"minecraft:elytra":1,"minecraft:cut_sandstone_slab":2,"minecraft:red_mushroom":1,"minecraft:item_frame":3,"minecraft:light_weighted_pressure_plate":1,"minecraft:gold_block":1,"minecraft:red_shulker_box":1,"minecraft:redstone_lamp":1,"minecraft:birch_fence":1,"create:mechanical_arm":1,"minecraft:stone_button":9,"minecraft:cornflower":1,"minecraft:cut_sandstone":2,"minecraft:netherite_boots":2,"create:contraption_controls":1,"minecraft:gold_nugget":30,"minecraft:sand":321,"minecraft:polished_blackstone_bricks":1,"create:large_cogwheel":6,"minecraft:iron_pickaxe":12,"minecraft:smooth_red_sandstone_slab":1,"minecraft:fishing_rod":2,"minecraft:white_wool":1,"minecraft:note_block":2,"minecraft:diamond_block":6,"minecraft:lever":3,"minecraft:cut_red_sandstone_slab":1,"minecraft:smooth_sandstone_stairs":4,"minecraft:netherite_sword":4,"minecraft:birch_sapling":64,"minecraft:oak_planks":22,"minecraft:jungle_trapdoor":2,"minecraft:warped_planks":1,"minecraft:birch_fence_gate":1,"minecraft:sandstone_wall":3,"minecraft:trident":1,"minecraft:birch_trapdoor":2,"create:train_trapdoor":1,"minecraft:hopper":1,"create:wrench":1,"minecraft:chest":9,"create:mechanical_crafter":1,"minecraft:leather_leggings":1,"create:copycat_panel":2,"minecraft:arrow":704,"minecraft:birch_button":2,"minecraft:iron_bars":1,"minecraft:glass":2,"minecraft:campfire":1,"minecraft:smooth_red_sandstone_stairs":3,"minecraft:written_book":9,"minecraft:netherrack":1,"minecraft:lectern":1,"minecraft:firework_rocket":64,"minecraft:enchanted_book":1,"minecraft:iron_ingot":54,"create:attribute_filter":1,"minecraft:red_concrete_powder":1,"minecraft:wheat_seeds":81,"minecraft:minecart":73,"minecraft:yellow_concrete":3,"minecraft:netherite_chestplate":2,"minecraft:netherite_helmet":2,"minecraft:oak_fence":1,"minecraft:barrier":1,"minecraft:cobblestone":83,"minecraft:command_block":6,"minecraft:red_stained_glass":1,"minecraft:grass_block":2,"minecraft:coal":31,"minecraft:golden_apple":64,"minecraft:stick":10,"minecraft:lava_bucket":1,"minecraft:warped_slab":1,"create:handheld_worldshaper":3,"minecraft:smooth_red_sandstone":4,"minecraft:warped_stairs":1,"minecraft:torch":7,"minecraft:wooden_hoe":2,"minecraft:repeater":18,"minecraft:wooden_axe":27,"minecraft:white_concrete":1,"minecraft:jungle_door":4,"minecraft:brown_terracotta":2,"minecraft:smooth_sandstone_slab":2,"minecraft:iron_axe":7,"minecraft:string":25,"minecraft:smooth_sandstone":23,"minecraft:bucket":1,"minecraft:redstone_block":523,"minecraft:chiseled_sandstone":3,"minecraft:redstone":25,"minecraft:red_concrete":3,"create:brass_funnel":2,"minecraft:oak_trapdoor":1,"create:shaft":2,"minecraft:lime_concrete":1,"minecraft:bowl":3,"minecraft:experience_bottle":576,"minecraft:raw_iron":79,"minecraft:composter":1,"minecraft:stone_shovel":1,"minecraft:sculk_sensor":1,"minecraft:blue_concrete":3,"minecraft:green_concrete":2,"create:experience_nugget":576,"minecraft:red_sandstone_slab":1,"minecraft:name_tag":591,"minecraft:totem_of_undying":4,"minecraft:netherite_leggings":2,"minecraft:cut_red_sandstone":1,"minecraft:flint_and_steel":1,"minecraft:stone":2,"minecraft:shield":1,"minecraft:spruce_trapdoor":6,"minecraft:iron_chestplate":4,"minecraft:redstone_torch":1,"minecraft:stone_pressure_plate":1,"minecraft:sandstone":65,"minecraft:bow":2,"minecraft:stone_pickaxe":4,"minecraft:wooden_pickaxe":6,"minecraft:raw_gold":35,"minecraft:red_sandstone_stairs":1,"create:golden_sheet":3},"minecraft:killed_by":{"minecraft:warden":1},"minecraft:crafted":{"minecraft:oak_planks":24,"minecraft:suspicious_stew":1,"minecraft:crafting_table":1},"minecraft:used":{"create:calcite_pillar":95,"minecraft:writable_book":36,"create:brass_casing":23,"minecraft:red_sand":19,"minecraft:polished_deepslate":2,"minecraft:chiseled_deepslate":75,"minecraft:melon":1,"create:piston_extension_pole":4,"minecraft:dispenser":7,"minecraft:ladder":20,"minecraft:oak_sign":103,"minecraft:chest":24,"minecraft:stone":38,"minecraft:zombie_spawn_egg":4,"create:brass_ladder":2,"minecraft:smooth_sandstone_stairs":195,"create:railway_casing":1,"create:cut_deepslate_bricks":353,"create:analog_lever":5,"minecraft:sculk_sensor":23,"create:mechanical_bearing":51,"create:cut_calcite_slab":25,"create:fluid_tank":1,"minecraft:birch_pressure_plate":1,"minecraft:blue_stained_glass":15,"create:cogwheel":285,"create:mechanical_crafter":51,"minecraft:orange_wool":1,"create:depot":7,"create:metal_girder":36,"minecraft:obsidian":7,"minecraft:polished_deepslate_stairs":14,"minecraft:milk_bucket":3,"minecraft:warden_spawn_egg":1,"minecraft:big_dripleaf":2,"minecraft:glass":691,"minecraft:packed_ice":23,"create:train_trapdoor":1,"create:controls":2,"minecraft:honey_block":7,"minecraft:lava_bucket":27,"minecraft:bricks":5,"minecraft:quartz_pillar":5,"minecraft:villager_spawn_egg":4,"minecraft:red_wool":8,"minecraft:lantern":13,"minecraft:grass_block":9,"minecraft:quartz_block":1,"minecraft:tropical_fish_spawn_egg":1,"minecraft:pink_wool":3,"create:rope_pulley":4,"minecraft:item_frame":149,"minecraft:bedrock":29,"minecraft:repeater":131,"minecraft:birch_button":7,"minecraft:birch_trapdoor":10,"minecraft:red_carpet":24,"create:polished_cut_calcite":50,"minecraft:redstone_lamp":79,"minecraft:honeycomb_block":1,"minecraft:bow":51,"minecraft:scaffolding":22,"minecraft:written_book":163,"create:shaft":111,"create:industrial_iron_block":1,"create:polished_cut_calcite_wall":34,"minecraft:gold_block":17,"minecraft:skeleton_skull":2,"create:sequenced_gearshift":20,"minecraft:lime_glazed_terracotta":14,"minecraft:spruce_door":2,"create:crushing_wheel":9,"minecraft:red_stained_glass":18,"minecraft:stone_pickaxe":96,"minecraft:powered_rail":17,"minecraft:oak_planks":5,"minecraft:cactus":95,"minecraft:wooden_pickaxe":77,"minecraft:sandstone":10330,"minecraft:redstone_block":452,"minecraft:composter":2,"create:copper_valve_handle":5,"minecraft:white_wool":130,"minecraft:golden_apple":13,"minecraft:sand":154,"create:track_station":2,"minecraft:cut_sandstone_slab":20,"minecraft:smooth_red_sandstone":92,"minecraft:yellow_concrete":48,"minecraft:crossbow":6,"minecraft:lingering_potion":2,"create:placard":1,"minecraft:note_block":6,"minecraft:birch_fence":17,"minecraft:redstone_torch":76,"minecraft:sticky_piston":109,"minecraft:lever":52,"minecraft:green_concrete":26,"minecraft:red_sandstone":5,"minecraft:firework_rocket":64,"minecraft:chiseled_sandstone":182,"minecraft:birch_fence_gate":2,"minecraft:lime_carpet":1,"minecraft:bread":20,"minecraft:barrier":666,"minecraft:stone_button":144,"minecraft:warped_slab":1,"minecraft:lectern":31,"create:contraption_controls":4,"minecraft:oak_pressure_plate":1,"create:adjustable_chain_gearshift":4,"minecraft:cut_red_sandstone":8,"minecraft:blue_candle":4,"create:basin":18,"minecraft:coal_block":40,"minecraft:grindstone":1,"create:cut_deepslate_brick_wall":46,"minecraft:chain":2,"create:steam_whistle":1,"minecraft:white_concrete":3,"create:vertical_gearbox":1,"create:andesite_bars":33,"minecraft:cobweb":32,"create:large_cogwheel":125,"minecraft:experience_bottle":75,"minecraft:oak_fence":37,"minecraft:oak_trapdoor":1,"create:framed_glass":106,"minecraft:trident":10,"minecraft:netherite_sword":182,"minecraft:iron_bars":4,"create:brass_door":16,"minecraft:dead_bush":158,"create:weighted_ejector":5,"minecraft:orange_concrete":15,"minecraft:flint_and_steel":4,"create:schematic_table":9,"minecraft:red_concrete":53,"minecraft:armor_stand":14,"minecraft:stone_shovel":17,"minecraft:redstone":843,"minecraft:spruce_planks":254,"create:cuckoo_clock":2,"minecraft:sandstone_wall":237,"minecraft:netherrack":1,"minecraft:torch":540,"create:turntable":3,"minecraft:anvil":7,"minecraft:spyglass":733,"minecraft:target":4,"minecraft:hopper":3,"create:attribute_filter":12,"create:redstone_contact":3,"minecraft:spruce_stairs":178,"create:copycat_panel":421,"minecraft:cobblestone_wall":27,"create:mechanical_plough":6,"minecraft:jungle_trapdoor":3,"minecraft:blue_concrete":54,"create:chute":6,"create:smart_chute":1,"minecraft:red_shulker_box":12,"minecraft:stone_brick_slab":1,"minecraft:ravager_spawn_egg":1,"minecraft:brown_terracotta":2,"minecraft:sea_lantern":31,"create:gearbox":5,"minecraft:red_tulip":2,"minecraft:yellow_stained_glass":18,"minecraft:iron_block":68,"minecraft:light_weighted_pressure_plate":3,"create:wrench":56,"minecraft:iron_axe":76,"minecraft:slime_block":20,"create:metal_bracket":12,"minecraft:smooth_sandstone":113,"minecraft:totem_of_undying":1,"create:brown_toolbox":1,"create:creative_motor":53,"minecraft:barrel":7,"create:polished_cut_calcite_stairs":44,"create:encased_chain_drive":25,"minecraft:warped_stairs":3,"minecraft:lime_concrete":2,"minecraft:black_dye":3,"minecraft:minecart":1,"minecraft:stone_pressure_plate":13,"minecraft:acacia_planks":9,"minecraft:red_dye":2,"create:belt_connector":32,"create:cut_deepslate_brick_stairs":248,"minecraft:calcite":184,"minecraft:water_bucket":48,"minecraft:amethyst_block":3,"minecraft:light_blue_glazed_terracotta":4,"minecraft:sandstone_stairs":499,"minecraft:lime_wool":18,"minecraft:smooth_sandstone_slab":44,"minecraft:blue_wool":5,"create:brass_tunnel":10,"create:red_seat":17,"minecraft:spruce_sign":1,"minecraft:cut_sandstone":770,"minecraft:white_dye":2,"minecraft:beacon":5,"create:framed_glass_trapdoor":2,"minecraft:polished_blackstone_bricks":19,"minecraft:pink_concrete":13,"minecraft:diamond_block":57,"minecraft:rail":18,"minecraft:polished_deepslate_slab":11,"minecraft:lime_bed":2,"create:cut_calcite_bricks":50,"create:encased_fan":1,"minecraft:tnt":2,"minecraft:comparator":8,"create:brass_funnel":20,"minecraft:crafting_table":2,"create:mechanical_harvester":6,"minecraft:campfire":19,"minecraft:painting":23,"minecraft:smooth_red_sandstone_stairs":5,"create:filter":10,"minecraft:warped_planks":10,"minecraft:oak_log":2,"create:track":27,"minecraft:piston":9,"minecraft:flower_pot":10,"minecraft:black_wool":139,"minecraft:cornflower":3,"create:andesite_ladder":13,"minecraft:command_block":829,"create:windmill_bearing":3,"create:cut_calcite_brick_wall":29,"minecraft:iron_pickaxe":432,"minecraft:suspicious_stew":1,"minecraft:detector_rail":1,"minecraft:spruce_trapdoor":25,"create:mechanical_arm":72,"minecraft:yellow_wool":16,"minecraft:blue_carpet":2,"create:polished_cut_calcite_slab":156,"minecraft:fishing_rod":80,"minecraft:orange_banner":5,"minecraft:red_concrete_powder":1,"minecraft:bucket":3,"minecraft:jungle_door":8,"create:powered_latch":2,"minecraft:sandstone_slab":164,"minecraft:chain_command_block":1,"minecraft:glass_pane":35,"minecraft:repeating_command_block":6,"create:hand_crank":17,"create:clutch":8,"create:redstone_link":12,"minecraft:lime_candle":3,"minecraft:splash_potion":35,"minecraft:soul_torch":1,"minecraft:green_stained_glass":18}},"DataVersion":3120}