{"stats":{"minecraft:mined":{"minecraft:diamond_ore":10,"minecraft:redstone_block":38,"minecraft:cobblestone":9,"minecraft:iron_ore":22,"minecraft:oak_log":36,"minecraft:coal_ore":6,"minecraft:gold_ore":9},"minecraft:killed":{"minecraft:villager":1},"minecraft:custom":{"minecraft:interact_with_furnace":23,"minecraft:interact_with_anvil":40,"minecraft:mob_kills":2,"minecraft:bell_ring":4,"minecraft:leave_game":11,"minecraft:time_since_death":5871,"minecraft:climb_one_cm":7632,"minecraft:time_since_rest":5871,"minecraft:sprint_one_cm":179606,"minecraft:damage_taken":3700,"minecraft:walk_one_cm":1634917,"minecraft:drop":232,"minecraft:damage_dealt":268,"minecraft:fly_one_cm":200750,"minecraft:open_chest":141,"minecraft:crouch_one_cm":6391,"minecraft:play_time":548622,"minecraft:deaths":23,"minecraft:sneak_time":7613,"minecraft:jump":2925,"minecraft:total_world_time":548622,"minecraft:fall_one_cm":40717},"minecraft:picked_up":{"minecraft:leather_chestplate":1,"minecraft:cooked_beef":6,"minecraft:redstone_block":13,"minecraft:tripwire_hook":2,"create:mechanical_crafter":3,"minecraft:leather_leggings":1,"minecraft:leather":56,"minecraft:wooden_pickaxe":1,"minecraft:oak_log":74,"minecraft:ancient_debris":1,"minecraft:shield":1,"minecraft:string":28,"minecraft:name_tag":8,"minecraft:iron_leggings":1,"minecraft:item_frame":1,"minecraft:raw_gold":17,"minecraft:stone_pickaxe":1,"minecraft:iron_ingot":1,"minecraft:written_book":49,"minecraft:iron_pickaxe":1,"minecraft:diamond_helmet":1,"minecraft:iron_sword":2,"minecraft:oak_planks":50,"minecraft:stick":12,"minecraft:raw_iron":37,"minecraft:sculk":1,"minecraft:golden_chestplate":1,"minecraft:diamond":10,"minecraft:iron_helmet":1,"minecraft:crossbow":1,"minecraft:emerald":1,"minecraft:coal":18,"minecraft:cobblestone":28},"minecraft:dropped":{"minecraft:iron_sword":1,"minecraft:oak_log":53,"minecraft:copper_block":1,"minecraft:diamond":10,"minecraft:raw_iron":23,"minecraft:cobblestone":9,"minecraft:observer":1,"create:cogwheel":19,"minecraft:leather":18,"minecraft:name_tag":48,"minecraft:bedrock":1,"minecraft:grass_block":1,"minecraft:coal":6,"minecraft:item_frame":1,"minecraft:dark_oak_leaves":1,"minecraft:sculk":2,"minecraft:honey_block":1,"create:mechanical_crafter":1,"minecraft:iron_axe":1,"create:large_cogwheel":6,"minecraft:stone_pickaxe":1,"minecraft:wooden_pickaxe":1,"minecraft:raw_gold":9,"minecraft:iron_pickaxe":1,"minecraft:string":10,"minecraft:written_book":2,"minecraft:white_wool":1,"minecraft:enchanting_table":1,"minecraft:redstone_block":1,"minecraft:chiseled_sandstone":1},"minecraft:crafted":{"minecraft:oak_planks":24,"minecraft:air":0,"minecraft:diamond":9,"minecraft:iron_ingot":26,"minecraft:gold_ingot":8},"minecraft:used":{"minecraft:stone_pickaxe":22,"minecraft:wooden_pickaxe":15,"minecraft:leather_chestplate":1,"minecraft:redstone_block":245,"minecraft:spyglass":147,"create:cogwheel":230,"create:mechanical_crafter":157,"minecraft:iron_axe":36,"minecraft:iron_pickaxe":57,"minecraft:written_book":76,"minecraft:experience_bottle":128,"minecraft:iron_leggings":1,"create:large_cogwheel":92}},"DataVersion":3120}